{
    "gpu_throughput_bz32": 214.63559216912182,
    "gpu_latency_p50_ms": 6.942510604858398,
    "gpu_latency_p90_ms": 6.991434097290039,
    "gpu_peak_vram_gb": 0.9442043304443359,
    "gpu_accuracy": 0.714,
    "gpu_f1_macro": 0.6955775723695135,
    "cpu_quantized_throughput_bz32": 19.148233619932792,
    "cpu_quantized_latency_p50_ms": 53.25949192047119,
    "cpu_quantized_latency_p90_ms": 56.9185733795166,
    "cpu_quantized_accuracy": 0.682,
    "cpu_quantized_f1_macro": 0.6746803069053708,
    "cpu_original_latency_p90_ms": 174.60486888885498,
    "original_model_size_mb": 420.14071464538574,
    "quantized_model_size_mb": 174.94618034362793
}