{
    "total_training_time_s": 1796.492827653885,
    "time_per_epoch_s": 299.41547127564746,
    "peak_vram_gb": 4.24758243560791,
    "best_val_f1_macro": 0.732410189754908,
    "best_epoch": 6,
    "final_val_accuracy": 0.7049973132724342,
    "flops_per_sample_gflops": 87.052919808,
    "model_parameters": 85649666.0,
    "model_size_mb": 419.4540023803711
}