{
    "total_training_time_s": 355.7551996707916,
    "time_per_epoch_s": 71.15103993415832,
    "peak_vram_gb": 5.070823669433594,
    "best_val_f1_macro": 0.7110469014437579,
    "best_epoch": 5,
    "final_val_accuracy": 0.6034390112842558,
    "flops_per_sample_gflops": 87.053304832,
    "model_parameters": 85843970.0,
    "model_size_mb": 420.1958866119385
}